P. Name,P. Zone Class,P. Mass Class,P. Composition Class,P. Atmosphere Class,P. Density (EU),P. Gravity (EU),P. Esc Vel (EU),P. SFlux Min (EU),P. SFlux Mean (EU),P. SFlux Max (EU),P. Teq Max (K),P. Mag,P. Appar Size (deg),P. Eccentricity,P. Mean Distance (AU),P. Omega (deg),S. Mass (SU),S. Teff (K),S. [Fe/H],S. Age (Gyrs),S. Appar Mag,S. Distance (pc),S. RA (hrs),S. DEC (deg),S. Mag from Planet,S. Size from Planet (deg),S. No. Planets,S. No. Planets HZ,S. Hab Zone Max (AU),P. HZD,P. HZC,P. HZA,P. HZI,P. SPH,P. ESI,S. HabCat,P. Habitable,P. Hab Moon,P. Confirmed,P. Habitable Class
GJ 163 c,Warm,Superterran,rocky-iron,metals-rich,1.19,2.17,1.99,0.5515569,0.6630019,0.804139,241.3,-18.05,3.48,0.09,0.12,235.4,0.4,3840.0,-0.06027140851661208,3.0,11.8,15.0,4.1544,-53.3736,-26.3,0.9881,3,1,0.212,-0.34,-0.14,0.81,0.53,0.08,0.73,0,1,0,1,psychroplanet
GJ 667 C e,Warm,Terran,rocky-iron,metals-rich,0.99,1.39,1.39,0.290249,0.3020295,0.3144201,190.8,-16.59,2.65,0.02,0.21,28.6,0.33,3350.0,-0.55,2.0,10.2,6.8,17.3158,-34.9897,-25.4,0.8714,6,3,0.251,0.51,-0.16,0.23,0.63,0.0,0.6,0,1,0,0,psychroplanet
GJ 667 C f,Warm,Terran,rocky-iron,metals-rich,0.99,1.39,1.39,0.5306531,0.5632069000000001,0.5983137,224.1,-17.28,2.65,0.03,0.16,103.0,0.33,3350.0,-0.55,2.0,10.2,6.8,17.3158,-34.9897,-26.1,1.19,6,3,0.251,-0.22,-0.16,0.08,0.78,0.0,0.77,0,1,0,0,psychroplanet
GJ 682 c,Warm,Superterran,rocky-iron,hydrogen-rich,1.24,2.37,2.13,0.3020603,0.3673006,0.45118450000000004,208.8,-17.51,3.64,0.1,0.18,320.9,0.27,3028.0,-0.06027140851661208,4.184758828596038,13.4,5.08,17.6177,-43.6808,-25.6,1.1831,2,1,0.232,0.23,-0.14,1.19,0.45,0.0,0.59,0,1,0,0,psychroplanet
GJ 3293 d,Warm,Superterran,rocky-iron,metals-rich,1.2,2.22,2.03,0.44768679999999994,0.5656049,0.7251003,235.1,-17.91,3.52,0.12,0.19,322.0,0.42,3466.0,0.02,4.184758828596038,12.0,17.9,4.4767,-25.1692,-26.1,1.1179,4,2,0.309,-0.21,-0.14,0.91,0.52,0.0,0.7,0,1,0,1,psychroplanet
HD 40307 g,Warm,Superterran,rocky-iron,metals-rich,1.18,2.15,1.98,0.3895282,0.6771687,1.285592,271.3,-18.1,3.45,0.29,0.57,91.2,0.77,4977.0,-0.31,1.2,7.2,12.8,5.9011,-60.0233,-26.4,0.6042,6,1,0.917,-0.15,-0.14,0.77,0.56,0.04,0.74,1,1,0,0,psychroplanet
Kapteyn b,Warm,Terran,rocky-iron,metals-rich,1.09,1.79,1.71,0.2900587,0.4342851,0.6803408000000001,231.4,-17.37,3.11,0.21,0.16,80.4,0.28,3550.0,-0.86,8.0,8.8,3.91,5.1947,-45.0183,-25.8,0.9409,2,1,0.232,0.12,-0.15,0.57,0.63,0.0,0.67,0,1,0,0,psychroplanet
Kepler-62 f,Warm,Terran,rocky-iron,metals-rich,1.0,1.41,1.41,0.388223,0.388223,0.388223,201.1,-16.89,2.68,0.0,0.72,0.0,0.69,4869.0,-0.21,7.0,14.0,368.0,18.8808,45.3499,-25.7,0.4676,5,2,0.857,0.45,-0.16,0.19,0.66,0.0,0.67,0,1,0,1,psychroplanet
Kepler-150 f,Warm,Superterran,gas,metals-rich,0.19,0.68,1.57,0.4927213,0.4927213,0.4927214,213.4,-19.22,6.92,0.0,1.24,0.0,0.63,5560.0,-0.136,4.184758828596038,13.4,973.0,19.2156,40.5209,-26.0,0.404,5,1,1.569,0.28,2.88,0.35,0.26,0.0,0.53,0,0,0,1,psychroplanet
Kepler-174 d,Warm,Superterran,rocky-iron,hydrogen-rich,1.42,3.1,2.6,0.42675159999999995,0.42675159999999995,0.42675169999999996,205.9,-17.95,4.15,0.0,0.68,0.0,0.68,4880.0,-0.556,4.184758828596038,13.4,360.0,19.1626,43.8321,-25.8,0.488,3,1,0.846,0.32,-0.13,1.77,0.36,0.0,0.61,0,1,0,1,psychroplanet
Kepler-296 f,Warm,Superterran,rocky-iron,metals-rich,1.15,2.01,1.87,0.2687829,0.3395788,0.4353369000000001,206.9,-17.22,3.33,0.12,0.28,0.0,0.45,3572.0,-0.12,4.2,10.1,226.0,19.1027,49.4373,-25.6,0.8155,5,2,0.34700000000000003,0.4,-0.14,0.86,0.51,0.0,0.6,0,1,0,1,psychroplanet
Kepler-442 b,Warm,Terran,rocky-iron,metals-rich,0.97,1.3,1.32,0.6466799,0.6999820999999999,0.7589214,237.8,-17.42,2.55,0.04,0.41,0.0,0.61,4402.0,-0.37,2.9,7.7,342.0,19.0244,39.2801,-26.3,0.7685,1,1,0.6809999999999999,-0.34,-0.16,-0.06,0.73,0.04,0.84,0,1,0,1,psychroplanet
Kepler-1229 b,Warm,Terran,rocky-iron,metals-rich,0.99,1.39,1.4,0.4901548,0.4901549,0.4901549,213.2,-17.13,2.66,0.0,0.31,0.0,0.54,3784.0,-0.06027140851661208,3.72,15.5,236.0,19.8324,46.9967,-26.0,0.8699,1,1,0.456,-0.03,-0.16,0.12,0.83,0.0,0.73,0,1,0,1,psychroplanet
Kepler-1652 b,Warm,Terran,rocky-iron,metals-rich,0.9,1.01,1.06,0.6504719,0.650472,0.6504722,228.8,-16.95,2.13,0.0,0.16,0.0,0.36,3482.0,-0.1,4.184758828596038,13.4,252.0,19.6244,49.9151,-26.3,1.1835,1,1,0.27,-0.35,-0.17,-0.37,0.65,0.0,0.85,0,1,0,1,psychroplanet
LHS 1140 b,Warm,Terran,rocky-iron,hydrogen-rich,2.26,3.23,2.15,0.23418049999999999,0.4071072,0.7728854000000001,238.9,-17.03,2.72,0.29,0.08,0.0,0.15,3131.0,-0.24,5.0,14.2,12.47,0.7497,-15.2714,-25.8,1.1837,1,1,0.118,0.18,-0.82,1.17,0.41,0.0,0.68,0,1,0,1,psychroplanet
Proxima Cen b,Warm,Terran,rocky-iron,metals-rich,0.9,1.01,1.07,0.6562118,0.6562118,0.6562119000000001,229.3,-16.96,2.13,0.0,0.05,0.0,0.12,3050.0,-0.06027140851661208,4.184758828596038,11.1,1.29,14.4953,-62.6794,-26.3,1.5493,1,1,0.086,-0.39,-0.17,-0.37,0.64,0.0,0.85,0,1,0,1,psychroplanet
TRAPPIST-1 e,Warm,Terran,rocky-iron,metals-rich,0.82,0.76,0.83,0.6544079,0.654408,0.6544082,229.1,-16.52,1.74,0.0,0.03,0.0,0.08,2550.0,0.04,0.5,18.8,12.1,23.1081,-5.0414,-26.3,2.2135,7,4,0.051,-0.42,-0.15,-0.67,0.56,0.0,0.85,0,1,0,1,psychroplanet
TRAPPIST-1 f,Warm,Terran,rocky-water,metals-rich,0.59,0.61,0.8,0.3772893,0.3772893,0.3772893,199.7,-16.2,1.98,0.0,0.04,0.0,0.08,2550.0,0.04,0.5,18.8,12.1,23.1081,-5.0414,-25.7,1.6807,7,4,0.051,0.14,0.27,-0.64,0.59,0.0,0.68,0,1,0,1,psychroplanet
Kepler-1544 b,Warm,Superterran,rocky-iron,metals-rich,1.16,2.07,1.92,0.9021728000000001,0.9021728999999999,0.902173,248.3,-18.32,3.38,0.0,0.56,0.0,0.81,4886.0,-0.06027140851661208,2.34,14.1,349.0,19.819000000000006,49.2125,-26.6,0.7079,1,1,1.012,-0.53,-0.14,0.63,0.55,0.85,0.8,0,1,0,1,mesoplanet
Kepler-452 b,Warm,Superterran,rocky-iron,metals-rich,1.09,1.77,1.7,1.109832,1.109832,1.109833,261.5,-18.35,3.1,0.0,1.05,0.0,1.04,5757.0,0.21,6.0,13.4,430.0,19.7336,44.2776,-26.8,0.5655,1,1,1.952,-0.61,-0.15,0.3,0.59,0.93,0.83,0,1,0,1,mesoplanet
Kepler-438 b,Warm,Terran,rocky-iron,metals-rich,0.9,1.01,1.06,1.298292,1.3779370000000002,1.46383,280.2,-17.77,2.13,0.03,0.17,0.0,0.54,3748.0,0.16,4.4,9.6,145.0,18.7764,41.9511,-27.1,1.4871,1,1,0.407,-0.94,-0.17,-0.49,0.48,0.5,0.88,0,1,0,1,mesoplanet
Kepler-296 e,Warm,Terran,rocky-iron,metals-rich,1.03,1.52,1.5,1.005184,1.2222879999999998,1.501434,282.0,-18.25,2.81,0.1,0.15,0.0,0.45,3572.0,-0.12,4.2,10.1,226.0,19.1027,49.4373,-27.0,1.5455,5,2,0.34700000000000003,-0.86,-0.16,0.04,0.53,0.75,0.85,0,1,0,1,mesoplanet
Kepler-61 b,Warm,Superterran,rocky-iron,hydrogen-rich,1.39,2.99,2.54,0.7885342,1.272237,2.1899319999999998,309.9,-19.14,4.09,0.25,0.26,0.0,0.64,4017.0,0.03,1.0,15.0,326.0,19.6869,42.4753,-27.0,1.2639,1,1,0.614,-0.84,-0.13,1.24,0.4,0.27,0.73,0,1,0,1,mesoplanet
Kepler-440 b,Warm,Superterran,rocky-iron,metals-rich,1.2,2.24,2.04,0.7514458,1.43441,3.096766,338.0,-18.99,3.54,0.34,0.23,0.0,0.57,4134.0,-0.3,1.3,8.3,261.0,19.0233,41.4522,-27.2,1.2857,1,1,0.5710000000000001,-0.89,-0.14,0.62,0.48,0.16,0.75,0,1,0,1,mesoplanet
TRAPPIST-1 d,Warm,Subterran,rocky-iron,metals-rich,0.9,0.69,0.73,1.129725,1.129725,1.129725,262.7,-16.74,1.47,0.0,0.02,0.0,0.08,2550.0,0.04,0.5,18.8,12.1,23.1081,-5.0414,-26.9,2.9085,7,4,0.051,-0.84,-0.29,-0.86,0.45,0.9,0.9,0,1,0,1,mesoplanet
GJ 180 c,Warm,Superterran,rocky-iron,metals-rich,1.16,2.04,1.9,0.6584886,0.785473,0.9446747999999999,251.2,-18.16,3.36,0.09,0.13,234.9,0.43,3371.0,-0.06027140851661208,4.184758828596038,10.9,11.69,4.8972,-17.7734,-26.5,1.3905,2,2,0.244,-0.53,-0.14,0.64,0.54,0.42,0.77,0,1,0,0,mesoplanet
GJ 667 C c,Warm,Terran,rocky-iron,metals-rich,1.05,1.61,1.57,0.8427715,0.8769776,0.9129552,249.0,-17.97,2.92,0.02,0.12,292.0,0.33,3350.0,-0.55,2.0,10.2,6.8,17.3158,-34.9897,-26.6,1.4848,6,3,0.251,-0.62,-0.15,0.21,0.6,0.64,0.84,0,1,0,1,mesoplanet
tau Cet e,Warm,Terran,rocky-iron,metals-rich,1.07,1.7,1.64,1.369828,1.512054,1.673311,289.8,-18.64,3.02,0.05,0.55,313.5,0.78,5344.0,-0.55,5.8,3.5,3.65,1.7344,-15.9375,-27.2,0.7665,7,1,1.246,-0.92,-0.15,0.16,0.51,0.0,0.78,0,1,0,0,mesoplanet
Kepler-1552 b,Warm,Superterran,rocky-iron,hydrogen-rich,1.68,4.14,3.2,1.105641,1.105641,1.105641,261.2,-19.25,4.68,0.0,0.6,0.0,0.85,5202.0,-0.06027140851661208,3.31,14.8,618.0,19.4451,38.8749,-26.8,0.6913,1,1,1.176,-0.68,-0.11,2.09,0.31,0.45,0.7,0,1,0,1,mesoplanet
GJ 3323 b,Warm,Terran,rocky-iron,metals-rich,0.95,1.23,1.25,0.776563,1.207001,1.981179,302.3,-17.95,2.44,0.23,0.03,0.0,0.16,3159.0,-0.27,4.184758828596038,12.2,5.32,5.0326,-6.9461,-27.0,1.9856,2,1,0.077,-0.84,-0.16,-0.25,0.53,0.97,0.89,0,1,0,1,mesoplanet
K2-72 e,Warm,Terran,rocky-iron,metals-rich,0.99,1.39,1.4,1.461332,1.461332,1.461333,280.1,-18.32,2.66,0.0,0.12,0.0,0.41,3497.0,-0.06027140851661208,4.184758828596038,15.3,55.52,22.3081,-9.6124,-27.1,1.7588,4,1,0.311,-0.99,-0.16,-0.12,0.5,0.06,0.82,0,1,0,1,mesoplanet
Kepler-443 b,Warm,Superterran,rocky-iron,hydrogen-rich,1.54,3.6,2.9,0.7188641,0.8910313,1.1180709999999998,262.0,-18.9,4.43,0.11,0.49,0.0,0.74,4723.0,-0.01,3.2,6.8,779.0,19.2407,49.9686,-26.6,0.7552,1,1,0.903,-0.53,-0.12,1.83,0.34,0.98,0.71,0,1,0,1,mesoplanet
Kepler-298 d,Warm,Superterran,rocky-iron,hydrogen-rich,1.72,4.3,3.28,1.289531,1.289531,1.289532,271.5,-19.45,4.75,0.0,0.3,0.0,0.65,4465.0,-0.121,4.184758828596038,13.4,474.0,18.8693,48.8254,-27.0,1.0134,3,1,0.6859999999999999,-0.86,-0.11,2.11,0.3,0.0,0.68,0,1,0,1,mesoplanet
GJ 273 b,Warm,Terran,rocky-iron,metals-rich,1.0,1.43,1.43,1.003524,1.220269,1.4989540000000001,281.9,-18.17,2.7,0.1,0.09,0.0,0.29,3382.0,0.09,4.184758828596038,9.9,3.8,7.4568,5.2258,-27.0,1.7227,2,1,0.215,-0.86,-0.16,-0.05,0.53,0.79,0.86,0,1,0,1,mesoplanet
Kepler-62 e,Warm,Superterran,rocky-iron,metals-rich,1.08,1.74,1.68,1.097676,1.097676,1.097677,260.8,-18.32,3.07,0.0,0.43,0.0,0.69,4869.0,-0.21,7.0,14.0,368.0,18.8808,45.3499,-26.8,0.7863,5,2,0.857,-0.7,-0.15,0.28,0.56,0.96,0.83,0,1,0,1,mesoplanet
K2-18 b,Warm,Superterran,rocky-iron,hydrogen-rich,1.46,3.28,2.71,0.9243239999999999,0.9243239999999999,0.9243242,249.8,-18.85,4.26,0.0,0.15,0.0,0.41,3503.0,0.09,4.184758828596038,13.5,34.0,11.504,7.5884,-26.6,1.394,2,1,0.304,-0.66,-0.12,1.59,0.37,1.0,0.73,0,1,0,1,mesoplanet
HD 20367 b,Warm,Jovian,gas,hydrogen-rich,0.3,3.15,5.72,0.7453849,1.158541,1.901637,299.2,-22.47,19.84,0.23,1.22,83.0,1.04,6128.0,0.1,0.87,6.4,27.0,3.2944,31.1269,-26.9,0.5169,1,1,2.278,-0.57,6.56,5.05,0.11,0.0,0.47,0,0,0,1,non-habitable
Kepler-366 b,Hot,Terran,rocky-iron,metals-rich,1.02,1.48,1.47,725.9891,725.9891,725.9893,1322.4,-25.18,2.77,0.0,0.04,0.0,1.05,6209.0,-0.081,4.184758828596038,13.4,424.0,19.7901,49.0844,-33.9,12.4592,2,0,2.068,-2.42,-0.16,-0.95,0.28,0.0,0.28,0,0,0,1,non-habitable
Kepler-194 d,Hot,Superterran,rocky-iron,metals-rich,1.61,3.86,3.04,16.96715,16.96715,16.96715,517.1,-22.17,4.56,0.0,0.28,0.0,1.0,6089.0,-0.298,4.184758828596038,13.4,424.0,19.4648,47.8642,-29.8,1.9767,3,0,1.951,-2.0,-0.12,0.86,0.31,0.0,0.31,0,0,0,1,non-habitable
HD 203030 b,Cold,Jovian,gas,hydrogen-rich,2.29,26.36,17.42,2.62E-06,2.62E-06,2.62E-06,10.3,-8.49,22.03,0.0,487.0,0.0,0.97,5940.0,-0.06027140851661208,0.25,8.4,41.0,21.3161,26.2306,-12.7,0.0008,1,0,1.375,1232.15,11.75,103.48,0.0,0.0,0.06,0,0,0,1,non-habitable
Kepler-1370 c,Hot,Terran,rocky-iron,no-atmosphere,0.95,1.2,1.23,353.6752,353.6753,353.6754,1104.8,-24.09,2.41,0.0,0.08,0.0,1.19,6202.0,-0.06027140851661208,2.88,13.7,878.0,18.971,41.7785,-33.1,8.707,2,0,2.536,-2.39,-0.16,-1.01,0.28,0.0,0.29,0,0,0,1,non-habitable
HD 82943 d,Cold,Jovian,gas,hydrogen-rich,0.21,1.59,3.48,0.2912105,0.2912106,0.2912107,187.2,-20.26,14.51,0.0,2.15,0.0,1.18,5874.0,0.32,3.08,6.5,27.46,9.5806,-12.1294,-25.4,0.2783,3,1,2.03,1.2,4.81,3.19,0.14,0.0,0.41,0,0,0,1,non-habitable
Kepler-1283 b,Hot,Superterran,rocky-iron,metals-rich,1.23,2.34,2.11,158.6407,158.6407,158.6408,904.2,-24.11,3.62,0.0,0.11,0.0,1.16,6175.0,-0.06027140851661208,2.88,15.1,1452.0,19.6975,40.777,-32.3,5.8795,1,0,2.441,-2.34,-0.14,-0.37,0.3,0.0,0.27,0,0,0,1,non-habitable
Kepler-1051 b,Hot,Neptunian,gas,metals-rich,0.2,0.67,1.51,142.7007,142.7008,142.7008,880.5,-25.25,6.45,0.0,0.19,0.0,1.43,6675.0,-0.06027140851661208,1.74,13.2,1021.0,19.6772,40.8988,-32.1,4.7714,1,0,3.803,-2.34,2.68,-0.75,0.22,0.0,0.2,0,0,0,1,non-habitable
HATS-36 b,Hot,Jovian,gas,hydrogen-rich,0.31,4.43,7.92,342.1968,599.3447,1149.306,1483.4,-29.98,27.13,0.29,0.05,0.0,1.14,5970.0,0.13,3.4,14.4,977.0,19.4319,-23.2028,-33.8,12.5252,1,0,2.202,-2.4,10.42,2.56,0.08,0.0,0.07,0,0,0,1,non-habitable
HD 93385 c,Hot,Neptunian,gas,metals-rich,0.2,0.74,1.65,15.417,24.41415,41.03283,644.8,-23.55,7.05,0.24,0.25,0.0,1.07,5940.0,-0.06027140851661208,4.184758828596038,7.5,42.2,10.7708,-41.4644,-30.2,2.5377,2,0,2.182,-2.07,2.81,-0.39,0.22,0.0,0.3,0,0,0,1,non-habitable
Kepler-1154 b,Hot,Superterran,rocky-iron,metals-rich,1.55,3.64,2.92,733.4211,733.4211,733.4213,1325.8,-26.23,4.45,0.0,0.06,0.0,1.26,6327.0,-0.06027140851661208,2.29,14.8,1531.0,19.8318,39.8772,-33.9,12.0586,2,0,2.897,-2.43,-0.12,-0.18,0.29,0.0,0.24,0,0,0,1,non-habitable
Kepler-33 f,Hot,Neptunian,gas,metals-rich,0.2,0.89,2.0,56.19038,56.19039,56.1904,697.5,-24.84,8.52,0.0,0.25,0.0,1.29,5904.0,-0.06027140851661208,4.27,14.0,424.0,19.2719,46.0053,-31.1,3.8268,5,0,3.324,-2.22,3.17,-0.27,0.21,0.0,0.18,0,0,0,1,non-habitable
Kepler-1388 d,Hot,Neptunian,gas,metals-rich,0.19,0.55,1.26,5.791938,5.791939,5.791941,395.2,-21.38,5.43,0.0,0.13,0.0,0.63,4098.0,-0.06027140851661208,4.47,16.3,492.0,18.8891,47.1745,-28.6,2.5499,4,0,0.625,-1.64,2.49,-0.51,0.25,0.0,0.4,0,0,0,1,non-habitable
K2-72 d,Hot,Terran,rocky-iron,metals-rich,0.94,1.18,1.21,6.646127,6.646128,6.646129,409.1,-19.73,2.38,0.0,0.06,0.0,0.41,3497.0,-0.06027140851661208,4.184758828596038,15.3,55.52,22.3081,-9.6124,-28.8,3.7513,4,1,0.311,-1.66,-0.16,-0.57,0.36,0.0,0.47,0,0,0,1,non-habitable
HD 8535 b,Cold,Jovian,gas,hydrogen-rich,0.25,2.39,4.77,0.2269104,0.3034833,0.4152935,204.5,-20.8,18.15,0.15,2.42,61.0,1.13,6136.0,0.02,4.184758828596038,7.7,52.5,1.3936,-41.2697,-25.4,0.2618,1,0,2.302,1.23,5.94,4.96,0.11,0.0,0.37,1,0,0,1,non-habitable
WASP-59 b,Hot,Jovian,gas,hydrogen-rich,0.22,2.19,4.7,32.60479,32.60479,32.6048,608.8,-26.02,19.25,0.0,0.07,0.0,0.72,4650.0,-0.15,0.5,13.0,125.0,23.3083,24.8892,-30.5,4.6997,1,0,0.775,-2.07,6.47,1.95,0.12,0.0,0.12,0,0,0,1,non-habitable
Kepler-1507 b,Hot,Subterran,rocky-iron,no-atmosphere,0.83,0.69,0.76,38.71819,38.71819,38.7182,635.5,-20.78,1.6,0.0,0.12,0.0,0.89,5410.0,-0.06027140851661208,4.57,13.1,342.0,19.2374,46.5361,-30.7,3.7832,1,0,1.361,-2.14,-0.18,-1.14,0.29,0.0,0.33,0,0,0,1,non-habitable
HD 215152 b,Hot,Terran,rocky-iron,metals-rich,0.95,1.22,1.25,46.3732,91.394,206.4856,965.8,-22.71,2.43,0.36,0.05,352.7,0.77,4935.0,-0.1,4.184758828596038,6.5,21.5,22.7225,-6.4008,-31.7,7.2308,4,0,1.014,-2.21,-0.16,-0.88,0.3,0.0,0.3,0,0,0,1,non-habitable
